Code,Geography,Year,unemploymentrate
CNAH,China: Anhui,1996,3.1
CNAH,China: Anhui,1997,2.9
CNAH,China: Anhui,1998,3.2
CNAH,China: Anhui,1999,3.2
CNAH,China: Anhui,2000,3.3
CNAH,China: Anhui,2001,3.7
CNAH,China: Anhui,2002,4.0
CNAH,China: Anhui,2003,4.1
CNAH,China: Anhui,2004,4.2
CNAH,China: Anhui,2005,4.4
CNAH,China: Anhui,2006,4.2
CNAH,China: Anhui,2007,4.06
CNAH,China: Anhui,2008,3.92
CNAH,China: Anhui,2009,3.9
CNAH,China: Anhui,2010,3.7
CNAH,China: Anhui,2011,3.74
CNAH,China: Anhui,2012,3.7
CNAH,China: Anhui,2013,3.41
CNAH,China: Anhui,2014,3.89
CNAH,China: Anhui,2015,3.9
CNAH,China: Anhui,2016,3.88
CNAH,China: Anhui,2017,3.87
CNAH,China: Anhui,2018,3.83
CNAH,China: Anhui,2019,3.97
CNAH,China: Anhui,2020,–
CNBJ,China: Beijing,1996,0.58
CNBJ,China: Beijing,1997,0.73
CNBJ,China: Beijing,1998,0.66
CNBJ,China: Beijing,1999,0.62
CNBJ,China: Beijing,2000,0.75
CNBJ,China: Beijing,2001,1.2
CNBJ,China: Beijing,2002,1.4
CNBJ,China: Beijing,2003,1.4
CNBJ,China: Beijing,2004,1.3
CNBJ,China: Beijing,2005,2.11
CNBJ,China: Beijing,2006,2.0
CNBJ,China: Beijing,2007,1.84
CNBJ,China: Beijing,2008,1.82
CNBJ,China: Beijing,2009,1.4
CNBJ,China: Beijing,2010,1.37
CNBJ,China: Beijing,2011,1.39
CNBJ,China: Beijing,2012,1.27
CNBJ,China: Beijing,2013,1.21
CNBJ,China: Beijing,2014,1.2
CNBJ,China: Beijing,2015,1.23
CNBJ,China: Beijing,2016,1.15
CNBJ,China: Beijing,2017,1.16
CNBJ,China: Beijing,2018,0.98
CNBJ,China: Beijing,2019,0.86
CNBJ,China: Beijing,2020,–
CNCQ,China: Chongqing,1996,3.0
CNCQ,China: Chongqing,1997,3.5
CNCQ,China: Chongqing,1998,3.5
CNCQ,China: Chongqing,1999,3.5
CNCQ,China: Chongqing,2000,3.5
CNCQ,China: Chongqing,2001,3.9
CNCQ,China: Chongqing,2002,4.1
CNCQ,China: Chongqing,2003,4.1
CNCQ,China: Chongqing,2004,4.1
CNCQ,China: Chongqing,2005,4.12
CNCQ,China: Chongqing,2006,4.0
CNCQ,China: Chongqing,2007,3.98
CNCQ,China: Chongqing,2008,3.96
CNCQ,China: Chongqing,2009,3.96
CNCQ,China: Chongqing,2010,3.9
CNCQ,China: Chongqing,2011,3.5
CNCQ,China: Chongqing,2012,3.3
CNCQ,China: Chongqing,2013,3.4
CNCQ,China: Chongqing,2014,3.5
CNCQ,China: Chongqing,2015,3.74
CNCQ,China: Chongqing,2016,3.23
CNCQ,China: Chongqing,2017,3.21
CNCQ,China: Chongqing,2018,3.18
CNCQ,China: Chongqing,2019,3.26
CNCQ,China: Chongqing,2020,–
CNFJ,China: Fujian,1996,1.9
CNFJ,China: Fujian,1997,1.9
CNFJ,China: Fujian,1998,2.1
CNFJ,China: Fujian,1999,2.3
CNFJ,China: Fujian,2000,2.6
CNFJ,China: Fujian,2001,3.8
CNFJ,China: Fujian,2002,4.2
CNFJ,China: Fujian,2003,4.1
CNFJ,China: Fujian,2004,4.0
CNFJ,China: Fujian,2005,3.95
CNFJ,China: Fujian,2006,3.93
CNFJ,China: Fujian,2007,3.89
CNFJ,China: Fujian,2008,3.86
CNFJ,China: Fujian,2009,3.9
CNFJ,China: Fujian,2010,3.77
CNFJ,China: Fujian,2011,3.69
CNFJ,China: Fujian,2012,3.63
CNFJ,China: Fujian,2013,3.55
CNFJ,China: Fujian,2014,3.38
CNFJ,China: Fujian,2015,3.33
CNFJ,China: Fujian,2016,3.41
CNFJ,China: Fujian,2017,3.44
CNFJ,China: Fujian,2018,3.56
CNFJ,China: Fujian,2019,3.36
CNFJ,China: Fujian,2020,–
CNGS,China: Gansu,1996,3.3
CNGS,China: Gansu,1997,3.2
CNGS,China: Gansu,1998,3.32
CNGS,China: Gansu,1999,2.7
CNGS,China: Gansu,2000,2.7
CNGS,China: Gansu,2001,2.8
CNGS,China: Gansu,2002,3.2
CNGS,China: Gansu,2003,3.4
CNGS,China: Gansu,2004,3.4
CNGS,China: Gansu,2005,3.26
CNGS,China: Gansu,2006,3.63
CNGS,China: Gansu,2007,3.34
CNGS,China: Gansu,2008,3.2
CNGS,China: Gansu,2009,3.25
CNGS,China: Gansu,2010,3.21
CNGS,China: Gansu,2011,3.11
CNGS,China: Gansu,2012,2.68
CNGS,China: Gansu,2013,2.3
CNGS,China: Gansu,2014,2.31
CNGS,China: Gansu,2015,3.3
CNGS,China: Gansu,2016,3.56
CNGS,China: Gansu,2017,3.51
CNGS,China: Gansu,2018,3.23
CNGS,China: Gansu,2019,3.33
CNGS,China: Gansu,2020,–
CNGD,China: Guangdong,1996,2.3
CNGD,China: Guangdong,1997,2.2
CNGD,China: Guangdong,1998,2.3
CNGD,China: Guangdong,1999,2.5
CNGD,China: Guangdong,2000,2.5
CNGD,China: Guangdong,2001,2.9
CNGD,China: Guangdong,2002,3.1
CNGD,China: Guangdong,2003,2.9
CNGD,China: Guangdong,2004,2.7
CNGD,China: Guangdong,2005,2.58
CNGD,China: Guangdong,2006,2.6
CNGD,China: Guangdong,2007,2.51
CNGD,China: Guangdong,2008,2.56
CNGD,China: Guangdong,2009,2.6
CNGD,China: Guangdong,2010,2.5
CNGD,China: Guangdong,2011,2.46
CNGD,China: Guangdong,2012,2.5
CNGD,China: Guangdong,2013,2.4
CNGD,China: Guangdong,2014,2.55
CNGD,China: Guangdong,2015,2.6
CNGD,China: Guangdong,2016,2.55
CNGD,China: Guangdong,2017,2.54
CNGD,China: Guangdong,2018,2.45
CNGD,China: Guangdong,2019,2.48
CNGD,China: Guangdong,2020,–
CNGX,China: Guangxi,1996,2.5
CNGX,China: Guangxi,1997,6.3
CNGX,China: Guangxi,1998,3.2
CNGX,China: Guangxi,1999,3.3
CNGX,China: Guangxi,2000,3.2
CNGX,China: Guangxi,2001,3.5
CNGX,China: Guangxi,2002,3.7
CNGX,China: Guangxi,2003,3.6
CNGX,China: Guangxi,2004,4.1
CNGX,China: Guangxi,2005,4.15
CNGX,China: Guangxi,2006,4.1
CNGX,China: Guangxi,2007,3.79
CNGX,China: Guangxi,2008,3.75
CNGX,China: Guangxi,2009,3.74
CNGX,China: Guangxi,2010,3.66
CNGX,China: Guangxi,2011,3.46
CNGX,China: Guangxi,2012,3.41
CNGX,China: Guangxi,2013,3.3
CNGX,China: Guangxi,2014,3.74
CNGX,China: Guangxi,2015,3.51
CNGX,China: Guangxi,2016,3.42
CNGX,China: Guangxi,2017,3.34
CNGX,China: Guangxi,2018,3.23
CNGX,China: Guangxi,2019,3.47
CNGX,China: Guangxi,2020,–
CNGZ,China: Guizhou,1996,3.3
CNGZ,China: Guizhou,1997,3.6
CNGZ,China: Guizhou,1998,3.8
CNGZ,China: Guizhou,1999,4.0
CNGZ,China: Guizhou,2000,3.8
CNGZ,China: Guizhou,2001,4.0
CNGZ,China: Guizhou,2002,4.1
CNGZ,China: Guizhou,2003,4.0
CNGZ,China: Guizhou,2004,4.1
CNGZ,China: Guizhou,2005,4.2
CNGZ,China: Guizhou,2006,4.1
CNGZ,China: Guizhou,2007,3.97
CNGZ,China: Guizhou,2008,3.98
CNGZ,China: Guizhou,2009,3.8
CNGZ,China: Guizhou,2010,3.63
CNGZ,China: Guizhou,2011,3.63
CNGZ,China: Guizhou,2012,3.29
CNGZ,China: Guizhou,2013,3.26
CNGZ,China: Guizhou,2014,3.89
CNGZ,China: Guizhou,2015,3.7
CNGZ,China: Guizhou,2016,3.63
CNGZ,China: Guizhou,2017,3.8
CNGZ,China: Guizhou,2018,3.62
CNGZ,China: Guizhou,2019,3.65
CNGZ,China: Guizhou,2020,–
CNHI,China: Hainan,1996,3.1
CNHI,China: Hainan,1997,3.4
CNHI,China: Hainan,1998,3.4
CNHI,China: Hainan,1999,3.2
CNHI,China: Hainan,2000,3.3
CNHI,China: Hainan,2001,3.4
CNHI,China: Hainan,2002,3.1
CNHI,China: Hainan,2003,3.4
CNHI,China: Hainan,2004,3.4
CNHI,China: Hainan,2005,3.55
CNHI,China: Hainan,2006,3.6
CNHI,China: Hainan,2007,3.49
CNHI,China: Hainan,2008,3.72
CNHI,China: Hainan,2009,3.5
CNHI,China: Hainan,2010,3.0
CNHI,China: Hainan,2011,1.73
CNHI,China: Hainan,2012,1.938
CNHI,China: Hainan,2013,2.17
CNHI,China: Hainan,2014,2.25
CNHI,China: Hainan,2015,2.38
CNHI,China: Hainan,2016,2.44
CNHI,China: Hainan,2017,2.44
CNHI,China: Hainan,2018,2.38
CNHI,China: Hainan,2019,2.33
CNHI,China: Hainan,2020,–
CNHE,China: Hebei,1996,2.4
CNHE,China: Hebei,1997,2.3
CNHE,China: Hebei,1998,2.3
CNHE,China: Hebei,1999,2.5
CNHE,China: Hebei,2000,2.8
CNHE,China: Hebei,2001,3.2
CNHE,China: Hebei,2002,3.6
CNHE,China: Hebei,2003,3.9
CNHE,China: Hebei,2004,4.0
CNHE,China: Hebei,2005,3.93
CNHE,China: Hebei,2006,3.8
CNHE,China: Hebei,2007,3.83
CNHE,China: Hebei,2008,3.96
CNHE,China: Hebei,2009,3.9
CNHE,China: Hebei,2010,3.9
CNHE,China: Hebei,2011,3.75
CNHE,China: Hebei,2012,3.715
CNHE,China: Hebei,2013,3.68
CNHE,China: Hebei,2014,3.59
CNHE,China: Hebei,2015,3.86
CNHE,China: Hebei,2016,3.65
CNHE,China: Hebei,2017,3.64
CNHE,China: Hebei,2018,3.64
CNHE,China: Hebei,2019,3.64
CNHE,China: Hebei,2020,–
CNHL,China: Heilongjiang,1996,2.698
CNHL,China: Heilongjiang,1997,2.8
CNHL,China: Heilongjiang,1998,3.0
CNHL,China: Heilongjiang,1999,2.5
CNHL,China: Heilongjiang,2000,3.3
CNHL,China: Heilongjiang,2001,4.7
CNHL,China: Heilongjiang,2002,4.9
CNHL,China: Heilongjiang,2003,4.2
CNHL,China: Heilongjiang,2004,4.5
CNHL,China: Heilongjiang,2005,4.42
CNHL,China: Heilongjiang,2006,4.4
CNHL,China: Heilongjiang,2007,4.3
CNHL,China: Heilongjiang,2008,4.23
CNHL,China: Heilongjiang,2009,4.27
CNHL,China: Heilongjiang,2010,4.27
CNHL,China: Heilongjiang,2011,4.1
CNHL,China: Heilongjiang,2012,4.15
CNHL,China: Heilongjiang,2013,4.44
CNHL,China: Heilongjiang,2014,4.59
CNHL,China: Heilongjiang,2015,4.4
CNHL,China: Heilongjiang,2016,4.36
CNHL,China: Heilongjiang,2017,4.23
CNHL,China: Heilongjiang,2018,4.11
CNHL,China: Heilongjiang,2019,3.84
CNHL,China: Heilongjiang,2020,–
CNHA,China: Henan,1996,2.1
CNHA,China: Henan,1997,2.0
CNHA,China: Henan,1998,2.6
CNHA,China: Henan,1999,2.6
CNHA,China: Henan,2000,2.6
CNHA,China: Henan,2001,2.8
CNHA,China: Henan,2002,2.9
CNHA,China: Henan,2003,3.1
CNHA,China: Henan,2004,3.4
CNHA,China: Henan,2005,3.45
CNHA,China: Henan,2006,3.5
CNHA,China: Henan,2007,3.41
CNHA,China: Henan,2008,3.4
CNHA,China: Henan,2009,3.5
CNHA,China: Henan,2010,3.4
CNHA,China: Henan,2011,3.35
CNHA,China: Henan,2012,3.1
CNHA,China: Henan,2013,3.09
CNHA,China: Henan,2014,3.58
CNHA,China: Henan,2015,3.34
CNHA,China: Henan,2016,3.09
CNHA,China: Henan,2017,2.97
CNHA,China: Henan,2018,3.01
CNHA,China: Henan,2019,2.96
CNHA,China: Henan,2020,–
CNHB,China: Hubei,1996,3.5
CNHB,China: Hubei,1997,3.5
CNHB,China: Hubei,1998,3.3
CNHB,China: Hubei,1999,3.3
CNHB,China: Hubei,2000,3.5
CNHB,China: Hubei,2001,4.0
CNHB,China: Hubei,2002,4.3
CNHB,China: Hubei,2003,4.3
CNHB,China: Hubei,2004,4.2
CNHB,China: Hubei,2005,4.33
CNHB,China: Hubei,2006,4.22
CNHB,China: Hubei,2007,4.21
CNHB,China: Hubei,2008,4.2
CNHB,China: Hubei,2009,4.21
CNHB,China: Hubei,2010,4.18
CNHB,China: Hubei,2011,4.1
CNHB,China: Hubei,2012,3.83
CNHB,China: Hubei,2013,3.49
CNHB,China: Hubei,2014,3.72
CNHB,China: Hubei,2015,3.82
CNHB,China: Hubei,2016,3.92
CNHB,China: Hubei,2017,4.15
CNHB,China: Hubei,2018,4.23
CNHB,China: Hubei,2019,4.06
CNHB,China: Hubei,2020,–
CNHN,China: Hunan,1996,3.9
CNHN,China: Hunan,1997,3.9
CNHN,China: Hunan,1998,3.9
CNHN,China: Hunan,1999,3.9
CNHN,China: Hunan,2000,3.7
CNHN,China: Hunan,2001,4.0
CNHN,China: Hunan,2002,4.0
CNHN,China: Hunan,2003,3.8
CNHN,China: Hunan,2004,4.4
CNHN,China: Hunan,2005,4.27
CNHN,China: Hunan,2006,4.3
CNHN,China: Hunan,2007,4.25
CNHN,China: Hunan,2008,4.2
CNHN,China: Hunan,2009,4.1
CNHN,China: Hunan,2010,4.2
CNHN,China: Hunan,2011,4.21
CNHN,China: Hunan,2012,4.205
CNHN,China: Hunan,2013,4.2
CNHN,China: Hunan,2014,4.12
CNHN,China: Hunan,2015,3.81
CNHN,China: Hunan,2016,3.71
CNHN,China: Hunan,2017,3.76
CNHN,China: Hunan,2018,3.65
CNHN,China: Hunan,2019,3.54
CNHN,China: Hunan,2020,–
CNNM,China: Inner Mongolia,1996,3.47
CNNM,China: Inner Mongolia,1997,3.4
CNNM,China: Inner Mongolia,1998,3.13
CNNM,China: Inner Mongolia,1999,3.1
CNNM,China: Inner Mongolia,2000,3.34
CNNM,China: Inner Mongolia,2001,3.7
CNNM,China: Inner Mongolia,2002,4.1
CNNM,China: Inner Mongolia,2003,4.5
CNNM,China: Inner Mongolia,2004,4.6
CNNM,China: Inner Mongolia,2005,4.26
CNNM,China: Inner Mongolia,2006,4.1
CNNM,China: Inner Mongolia,2007,3.99
CNNM,China: Inner Mongolia,2008,4.1
CNNM,China: Inner Mongolia,2009,4.0
CNNM,China: Inner Mongolia,2010,3.09
CNNM,China: Inner Mongolia,2011,3.8
CNNM,China: Inner Mongolia,2012,3.73
CNNM,China: Inner Mongolia,2013,3.66
CNNM,China: Inner Mongolia,2014,4.04
CNNM,China: Inner Mongolia,2015,3.91
CNNM,China: Inner Mongolia,2016,3.7
CNNM,China: Inner Mongolia,2017,3.64
CNNM,China: Inner Mongolia,2018,3.47
CNNM,China: Inner Mongolia,2019,2.91
CNNM,China: Inner Mongolia,2020,–
CNJS,China: Jiangsu,1996,2.2
CNJS,China: Jiangsu,1997,2.4
CNJS,China: Jiangsu,1998,2.6
CNJS,China: Jiangsu,1999,2.9
CNJS,China: Jiangsu,2000,3.4
CNJS,China: Jiangsu,2001,3.6
CNJS,China: Jiangsu,2002,4.2
CNJS,China: Jiangsu,2003,4.1
CNJS,China: Jiangsu,2004,3.8
CNJS,China: Jiangsu,2005,3.56
CNJS,China: Jiangsu,2006,3.4
CNJS,China: Jiangsu,2007,3.19
CNJS,China: Jiangsu,2008,3.25
CNJS,China: Jiangsu,2009,3.22
CNJS,China: Jiangsu,2010,3.16
CNJS,China: Jiangsu,2011,3.22
CNJS,China: Jiangsu,2012,3.14
CNJS,China: Jiangsu,2013,3.03
CNJS,China: Jiangsu,2014,3.01
CNJS,China: Jiangsu,2015,3.04
CNJS,China: Jiangsu,2016,2.96
CNJS,China: Jiangsu,2017,2.86
CNJS,China: Jiangsu,2018,2.87
CNJS,China: Jiangsu,2019,2.87
CNJS,China: Jiangsu,2020,–
CNJX,China: Jiangxi,1996,2.2
CNJX,China: Jiangxi,1997,2.32
CNJX,China: Jiangxi,1998,2.47
CNJX,China: Jiangxi,1999,2.6
CNJX,China: Jiangxi,2000,2.9
CNJX,China: Jiangxi,2001,3.3
CNJX,China: Jiangxi,2002,3.4
CNJX,China: Jiangxi,2003,3.6
CNJX,China: Jiangxi,2004,3.6
CNJX,China: Jiangxi,2005,3.48
CNJX,China: Jiangxi,2006,3.64
CNJX,China: Jiangxi,2007,3.37
CNJX,China: Jiangxi,2008,3.42
CNJX,China: Jiangxi,2009,3.44
CNJX,China: Jiangxi,2010,3.31
CNJX,China: Jiangxi,2011,2.98
CNJX,China: Jiangxi,2012,3.0
CNJX,China: Jiangxi,2013,3.17
CNJX,China: Jiangxi,2014,3.27
CNJX,China: Jiangxi,2015,3.3
CNJX,China: Jiangxi,2016,3.23
CNJX,China: Jiangxi,2017,3.19
CNJX,China: Jiangxi,2018,3.05
CNJX,China: Jiangxi,2019,2.75
CNJX,China: Jiangxi,2020,–
CNJL,China: Jilin,1996,2.3
CNJL,China: Jilin,1997,2.78
CNJL,China: Jilin,1998,3.14
CNJL,China: Jilin,1999,3.3
CNJL,China: Jilin,2000,3.7
CNJL,China: Jilin,2001,3.1
CNJL,China: Jilin,2002,3.6
CNJL,China: Jilin,2003,4.3
CNJL,China: Jilin,2004,4.2
CNJL,China: Jilin,2005,4.2
CNJL,China: Jilin,2006,4.2
CNJL,China: Jilin,2007,3.92
CNJL,China: Jilin,2008,4.0
CNJL,China: Jilin,2009,4.0
CNJL,China: Jilin,2010,3.8
CNJL,China: Jilin,2011,3.7
CNJL,China: Jilin,2012,3.7
CNJL,China: Jilin,2013,3.815
CNJL,China: Jilin,2014,3.57
CNJL,China: Jilin,2015,3.66
CNJL,China: Jilin,2016,3.85
CNJL,China: Jilin,2017,3.86
CNJL,China: Jilin,2018,3.91
CNJL,China: Jilin,2019,3.82
CNJL,China: Jilin,2020,–
CNLN,China: Liaoning,1996,3.6
CNLN,China: Liaoning,1997,3.7
CNLN,China: Liaoning,1998,3.4
CNLN,China: Liaoning,1999,3.5
CNLN,China: Liaoning,2000,3.7
CNLN,China: Liaoning,2001,3.2
CNLN,China: Liaoning,2002,6.5
CNLN,China: Liaoning,2003,6.5
CNLN,China: Liaoning,2004,6.5
CNLN,China: Liaoning,2005,5.62
CNLN,China: Liaoning,2006,5.1
CNLN,China: Liaoning,2007,4.4
CNLN,China: Liaoning,2008,3.8
CNLN,China: Liaoning,2009,3.9
CNLN,China: Liaoning,2010,3.7
CNLN,China: Liaoning,2011,3.68
CNLN,China: Liaoning,2012,3.6
CNLN,China: Liaoning,2013,3.35
CNLN,China: Liaoning,2014,3.55
CNLN,China: Liaoning,2015,3.5
CNLN,China: Liaoning,2016,3.6
CNLN,China: Liaoning,2017,3.72
CNLN,China: Liaoning,2018,3.74
CNLN,China: Liaoning,2019,3.69
CNLN,China: Liaoning,2020,–
CNNX,China: Ningxia,1996,4.35
CNNX,China: Ningxia,1997,4.79
CNNX,China: Ningxia,1998,4.71
CNNX,China: Ningxia,1999,4.5
CNNX,China: Ningxia,2000,4.6
CNNX,China: Ningxia,2001,4.4
CNNX,China: Ningxia,2002,4.4
CNNX,China: Ningxia,2003,4.4
CNNX,China: Ningxia,2004,4.5
CNNX,China: Ningxia,2005,4.52
CNNX,China: Ningxia,2006,4.3
CNNX,China: Ningxia,2007,4.28
CNNX,China: Ningxia,2008,4.35
CNNX,China: Ningxia,2009,4.4
CNNX,China: Ningxia,2010,4.4
CNNX,China: Ningxia,2011,4.35
CNNX,China: Ningxia,2012,4.2
CNNX,China: Ningxia,2013,4.06
CNNX,China: Ningxia,2014,4.15
CNNX,China: Ningxia,2015,4.28
CNNX,China: Ningxia,2016,4.12
CNNX,China: Ningxia,2017,4.07
CNNX,China: Ningxia,2018,3.96
CNNX,China: Ningxia,2019,3.86
CNNX,China: Ningxia,2020,–
CNQH,China: Qinghai,1996,1.9
CNQH,China: Qinghai,1997,2.1
CNQH,China: Qinghai,1998,2.5
CNQH,China: Qinghai,1999,2.6
CNQH,China: Qinghai,2000,2.4
CNQH,China: Qinghai,2001,3.5
CNQH,China: Qinghai,2002,3.6
CNQH,China: Qinghai,2003,3.8
CNQH,China: Qinghai,2004,3.9
CNQH,China: Qinghai,2005,3.93
CNQH,China: Qinghai,2006,3.9
CNQH,China: Qinghai,2007,3.75
CNQH,China: Qinghai,2008,3.8
CNQH,China: Qinghai,2009,3.8
CNQH,China: Qinghai,2010,3.8
CNQH,China: Qinghai,2011,3.76
CNQH,China: Qinghai,2012,3.4
CNQH,China: Qinghai,2013,3.3
CNQH,China: Qinghai,2014,3.26
CNQH,China: Qinghai,2015,3.84
CNQH,China: Qinghai,2016,3.59
CNQH,China: Qinghai,2017,4.3
CNQH,China: Qinghai,2018,3.87
CNQH,China: Qinghai,2019,3.98
CNQH,China: Qinghai,2020,–
CNSN,China: Shaanxi,1996,3.3
CNSN,China: Shaanxi,1997,3.4
CNSN,China: Shaanxi,1998,3.1
CNSN,China: Shaanxi,1999,2.6
CNSN,China: Shaanxi,2000,2.7
CNSN,China: Shaanxi,2001,3.2
CNSN,China: Shaanxi,2002,3.3
CNSN,China: Shaanxi,2003,3.5
CNSN,China: Shaanxi,2004,3.8
CNSN,China: Shaanxi,2005,4.18
CNSN,China: Shaanxi,2006,4.0
CNSN,China: Shaanxi,2007,4.02
CNSN,China: Shaanxi,2008,3.91
CNSN,China: Shaanxi,2009,3.9
CNSN,China: Shaanxi,2010,3.85
CNSN,China: Shaanxi,2011,3.59
CNSN,China: Shaanxi,2012,3.22
CNSN,China: Shaanxi,2013,3.32
CNSN,China: Shaanxi,2014,3.45
CNSN,China: Shaanxi,2015,3.78
CNSN,China: Shaanxi,2016,4.13
CNSN,China: Shaanxi,2017,4.14
CNSN,China: Shaanxi,2018,4.14
CNSN,China: Shaanxi,2019,3.97
CNSN,China: Shaanxi,2020,–
CNSD,China: Shandong,1996,3.5
CNSD,China: Shandong,1997,3.4
CNSD,China: Shandong,1998,3.3
CNSD,China: Shandong,1999,3.2
CNSD,China: Shandong,2000,3.2
CNSD,China: Shandong,2001,3.3
CNSD,China: Shandong,2002,3.6
CNSD,China: Shandong,2003,3.6
CNSD,China: Shandong,2004,3.4
CNSD,China: Shandong,2005,3.33
CNSD,China: Shandong,2006,3.3
CNSD,China: Shandong,2007,3.21
CNSD,China: Shandong,2008,3.5
CNSD,China: Shandong,2009,3.4
CNSD,China: Shandong,2010,3.4
CNSD,China: Shandong,2011,3.35
CNSD,China: Shandong,2012,3.3
CNSD,China: Shandong,2013,3.2
CNSD,China: Shandong,2014,3.35
CNSD,China: Shandong,2015,3.37
CNSD,China: Shandong,2016,3.42
CNSD,China: Shandong,2017,3.36
CNSD,China: Shandong,2018,3.43
CNSD,China: Shandong,2019,3.33
CNSD,China: Shandong,2020,–
CNSH,China: Shanghai,1996,2.7
CNSH,China: Shanghai,1997,2.8
CNSH,China: Shanghai,1998,2.9
CNSH,China: Shanghai,1999,3.1
CNSH,China: Shanghai,2000,3.5
CNSH,China: Shanghai,2001,4.3
CNSH,China: Shanghai,2002,4.8
CNSH,China: Shanghai,2003,4.9
CNSH,China: Shanghai,2004,4.5
CNSH,China: Shanghai,2005,4.4
CNSH,China: Shanghai,2006,4.4
CNSH,China: Shanghai,2007,4.22
CNSH,China: Shanghai,2008,4.2
CNSH,China: Shanghai,2009,4.3
CNSH,China: Shanghai,2010,4.2
CNSH,China: Shanghai,2011,4.2
CNSH,China: Shanghai,2012,4.2
CNSH,China: Shanghai,2013,4.2
CNSH,China: Shanghai,2014,4.21
CNSH,China: Shanghai,2015,4.21
CNSH,China: Shanghai,2016,4.23
CNSH,China: Shanghai,2017,4.1
CNSH,China: Shanghai,2018,4.11
CNSH,China: Shanghai,2019,3.89
CNSH,China: Shanghai,2020,–
CNSX,China: Shanxi,1996,–
CNSX,China: Shanxi,1997,1.92
CNSX,China: Shanxi,1998,2.15
CNSX,China: Shanxi,1999,2.1
CNSX,China: Shanxi,2000,2.2
CNSX,China: Shanxi,2001,2.6
CNSX,China: Shanxi,2002,3.4
CNSX,China: Shanxi,2003,3.0
CNSX,China: Shanxi,2004,3.1
CNSX,China: Shanxi,2005,3.01
CNSX,China: Shanxi,2006,3.2
CNSX,China: Shanxi,2007,3.24
CNSX,China: Shanxi,2008,3.29
CNSX,China: Shanxi,2009,3.9
CNSX,China: Shanxi,2010,3.9
CNSX,China: Shanxi,2011,3.48
CNSX,China: Shanxi,2012,3.12
CNSX,China: Shanxi,2013,3.13
CNSX,China: Shanxi,2014,3.4
CNSX,China: Shanxi,2015,4.1
CNSX,China: Shanxi,2016,5.01
CNSX,China: Shanxi,2017,4.48
CNSX,China: Shanxi,2018,4.1
CNSX,China: Shanxi,2019,3.65
CNSX,China: Shanxi,2020,–
CNSC,China: Sichuan,1996,3.5
CNSC,China: Sichuan,1997,3.4
CNSC,China: Sichuan,1998,3.7
CNSC,China: Sichuan,1999,3.7
CNSC,China: Sichuan,2000,3.97
CNSC,China: Sichuan,2001,4.3
CNSC,China: Sichuan,2002,4.5
CNSC,China: Sichuan,2003,4.4
CNSC,China: Sichuan,2004,4.4
CNSC,China: Sichuan,2005,4.61
CNSC,China: Sichuan,2006,4.5
CNSC,China: Sichuan,2007,4.24
CNSC,China: Sichuan,2008,4.57
CNSC,China: Sichuan,2009,4.3
CNSC,China: Sichuan,2010,4.1
CNSC,China: Sichuan,2011,4.16
CNSC,China: Sichuan,2012,4.1
CNSC,China: Sichuan,2013,4.11
CNSC,China: Sichuan,2014,4.15
CNSC,China: Sichuan,2015,3.81
CNSC,China: Sichuan,2016,3.79
CNSC,China: Sichuan,2017,3.55
CNSC,China: Sichuan,2018,3.41
CNSC,China: Sichuan,2019,3.37
CNSC,China: Sichuan,2020,–
CNTJ,China: Tianjin,1996,–
CNTJ,China: Tianjin,1997,–
CNTJ,China: Tianjin,1998,–
CNTJ,China: Tianjin,1999,2.9
CNTJ,China: Tianjin,2000,3.2
CNTJ,China: Tianjin,2001,3.6
CNTJ,China: Tianjin,2002,3.9
CNTJ,China: Tianjin,2003,3.8
CNTJ,China: Tianjin,2004,3.8
CNTJ,China: Tianjin,2005,3.7
CNTJ,China: Tianjin,2006,3.6
CNTJ,China: Tianjin,2007,3.6
CNTJ,China: Tianjin,2008,3.6
CNTJ,China: Tianjin,2009,3.6
CNTJ,China: Tianjin,2010,3.6
CNTJ,China: Tianjin,2011,3.6
CNTJ,China: Tianjin,2012,3.6
CNTJ,China: Tianjin,2013,3.6
CNTJ,China: Tianjin,2014,3.57
CNTJ,China: Tianjin,2015,3.66
CNTJ,China: Tianjin,2016,3.59
CNTJ,China: Tianjin,2017,3.43
CNTJ,China: Tianjin,2018,3.75
CNTJ,China: Tianjin,2019,3.78
CNTJ,China: Tianjin,2020,–
CNTB,China: Tibet,1996,–
CNTB,China: Tibet,1997,–
CNTB,China: Tibet,1998,–
CNTB,China: Tibet,1999,–
CNTB,China: Tibet,2000,–
CNTB,China: Tibet,2001,7.1
CNTB,China: Tibet,2002,4.9
CNTB,China: Tibet,2003,4.2
CNTB,China: Tibet,2004,4.0
CNTB,China: Tibet,2005,4.098
CNTB,China: Tibet,2006,4.198
CNTB,China: Tibet,2007,4.3
CNTB,China: Tibet,2008,4.042
CNTB,China: Tibet,2009,3.8
CNTB,China: Tibet,2010,4.0
CNTB,China: Tibet,2011,3.2
CNTB,China: Tibet,2012,2.811
CNTB,China: Tibet,2013,2.47
CNTB,China: Tibet,2014,3.29
CNTB,China: Tibet,2015,3.17
CNTB,China: Tibet,2016,3.63
CNTB,China: Tibet,2017,3.22
CNTB,China: Tibet,2018,3.34
CNTB,China: Tibet,2019,3.83
CNTB,China: Tibet,2020,–
CNXJ,China: Xinjiang,1996,3.8
CNXJ,China: Xinjiang,1997,3.8
CNXJ,China: Xinjiang,1998,3.9
CNXJ,China: Xinjiang,1999,3.7
CNXJ,China: Xinjiang,2000,3.8
CNXJ,China: Xinjiang,2001,3.7
CNXJ,China: Xinjiang,2002,3.6
CNXJ,China: Xinjiang,2003,3.8
CNXJ,China: Xinjiang,2004,3.8
CNXJ,China: Xinjiang,2005,3.9
CNXJ,China: Xinjiang,2006,3.9
CNXJ,China: Xinjiang,2007,3.9
CNXJ,China: Xinjiang,2008,3.7
CNXJ,China: Xinjiang,2009,3.8
CNXJ,China: Xinjiang,2010,3.2
CNXJ,China: Xinjiang,2011,3.2
CNXJ,China: Xinjiang,2012,3.4
CNXJ,China: Xinjiang,2013,3.4
CNXJ,China: Xinjiang,2014,3.48
CNXJ,China: Xinjiang,2015,3.33
CNXJ,China: Xinjiang,2016,3.83
CNXJ,China: Xinjiang,2017,3.58
CNXJ,China: Xinjiang,2018,3.9
CNXJ,China: Xinjiang,2019,3.27
CNXJ,China: Xinjiang,2020,–
CNYN,China: Yunnan,1996,2.8
CNYN,China: Yunnan,1997,2.7
CNYN,China: Yunnan,1998,2.2
CNYN,China: Yunnan,1999,2.5
CNYN,China: Yunnan,2000,2.6
CNYN,China: Yunnan,2001,3.3
CNYN,China: Yunnan,2002,4.0
CNYN,China: Yunnan,2003,4.1
CNYN,China: Yunnan,2004,4.3
CNYN,China: Yunnan,2005,4.17
CNYN,China: Yunnan,2006,4.28
CNYN,China: Yunnan,2007,4.18
CNYN,China: Yunnan,2008,4.21
CNYN,China: Yunnan,2009,4.3
CNYN,China: Yunnan,2010,4.2
CNYN,China: Yunnan,2011,4.05
CNYN,China: Yunnan,2012,4.03
CNYN,China: Yunnan,2013,3.98
CNYN,China: Yunnan,2014,3.88
CNYN,China: Yunnan,2015,3.99
CNYN,China: Yunnan,2016,3.94
CNYN,China: Yunnan,2017,3.93
CNYN,China: Yunnan,2018,3.92
CNYN,China: Yunnan,2019,3.93
CNYN,China: Yunnan,2020,–
CNZJ,China: Zhejiang,1996,2.6
CNZJ,China: Zhejiang,1997,3.0
CNZJ,China: Zhejiang,1998,3.3
CNZJ,China: Zhejiang,1999,3.4
CNZJ,China: Zhejiang,2000,3.4
CNZJ,China: Zhejiang,2001,3.7
CNZJ,China: Zhejiang,2002,4.2
CNZJ,China: Zhejiang,2003,4.2
CNZJ,China: Zhejiang,2004,4.1
CNZJ,China: Zhejiang,2005,3.72
CNZJ,China: Zhejiang,2006,3.51
CNZJ,China: Zhejiang,2007,3.27
CNZJ,China: Zhejiang,2008,3.49
CNZJ,China: Zhejiang,2009,3.26
CNZJ,China: Zhejiang,2010,3.2
CNZJ,China: Zhejiang,2011,3.12
CNZJ,China: Zhejiang,2012,3.01
CNZJ,China: Zhejiang,2013,3.01
CNZJ,China: Zhejiang,2014,2.99
CNZJ,China: Zhejiang,2015,3.0
CNZJ,China: Zhejiang,2016,3.2
CNZJ,China: Zhejiang,2017,3.05
CNZJ,China: Zhejiang,2018,3.14
CNZJ,China: Zhejiang,2019,3.09
CNZJ,China: Zhejiang,2020,–
Copyright © 2015 The Economist Intelligence Unit.,,,
